Date,AMZN,SP500,TSLA
11/2/2015,0.390500175,1.180223279,3.261193744
11/3/2015,-0.485004827,0.272407884,-2.577516553
11/4/2015,2.470394591,-0.355166672,10.59219611
11/5/2015,2.267540313,-0.113306375,0.060395565
11/6/2015,0.565767953,-0.034768203,0.254239251
11/9/2015,-0.590206779,-0.987156461,-3.072212835
11/10/2015,0.637155207,0.150918138,-3.997578837
11/11/2015,2.036187334,-0.323330746,1.184648121
11/12/2015,-1.142815222,-1.408943716,-2.842682017
11/13/2015,-3.555583831,-1.127091458,-2.737448667
11/16/2015,0.846415128,1.479330263,3.378731827
11/17/2015,-0.698628063,-0.134027702,-0.144757329
11/18/2015,3.09779454,1.603323002,3.250342441
11/19/2015,-0.342712043,-0.112401435,0.329640742
11/20/2015,1.079935867,0.380295545,-0.810312032
11/23/2015,1.56447678,-0.123562385,-1.032538437
11/24/2015,-1.161369049,0.122125009,0.229364777
11/25/2015,0.622333907,-0.012941488,5.087137256
11/30/2015,-1.264564824,-0.465207396,-0.584611323
12/1/2015,2.122326046,1.062393909,2.96524459
12/2/2015,-0.45018763,-1.105686659,-2.216753596
12/3/2015,-1.454318212,-1.447810062,0.309852346
12/4/2015,0.954476712,2.031730832,-1.006347162
12/7/2015,-0.418686427,-0.701459188,0.324969861
12/8/2015,1.113437566,-0.651132637,-1.926481998
12/9/2015,-1.868745564,-0.776908648,-0.975105225
12/10/2015,-0.372260879,0.224858243,1.129332023
12/11/2015,-3.404681996,-1.961441553,-4.52694178
12/14/2015,2.736471951,0.4743466,0.716176618
12/15/2015,0.110792706,1.056148433,1.141665968
12/16/2015,2.567376749,1.440871776,5.892647727
12/17/2015,-0.760757571,-1.515696807,-0.478952722
12/18/2015,-0.97566257,-1.795968687,-1.263579735
12/21/2015,0.055530495,0.77466626,0.906934402
12/22/2015,-0.205006673,0.877672608,-1.128771014
12/23/2015,0.082764324,1.234022649,-0.108921941
12/24/2015,-0.137428528,-0.160210727,0.377818089
12/28/2015,1.85469607,-0.218477196,-0.705463527
12/29/2015,2.741616742,1.057010233,3.535428513
12/31/2015,-1.931634504,-0.946032065,0.802797924
1/4/2016,-5.928025756,-1.54258773,-7.167577791
1/5/2016,-0.504041618,0.200609467,0.008545267
1/6/2016,-0.180408562,-1.320599853,-1.984768517
1/7/2016,-3.984447607,-2.398910422,-1.56008801
1/8/2016,-0.146806965,-1.090055139,-2.180160281
1/11/2016,1.745321288,0.084962081,-1.504477915
1/12/2016,0.023899598,0.776867862,1.014413824
1/13/2016,-6.017092541,-2.528675895,-4.710285658
1/14/2016,1.904526301,1.655285571,2.887820165
1/19/2016,0.750822931,0.052674868,-0.132296151
1/20/2016,-0.473442879,-1.176879342,-2.985301936
1/21/2016,0.566225656,0.517623512,0.636537698
1/22/2016,3.646744516,2.007497337,1.281363656
1/25/2016,0.024577267,-1.576729841,-3.09408905
1/26/2016,0.787493778,1.403893655,-1.447029098
1/27/2016,-3.02314585,-1.093086766,-2.878135801
1/28/2016,8.538128499,0.550595336,0.862227254
1/29/2016,-7.915829384,2.445152777,0.786907905
2/1/2016,-2.099184724,-0.044991001,2.957248556
2/2/2016,-4.031670348,-1.89272703,-7.462217135
2/3/2016,-3.884241663,0.497249673,-5.222807699
2/4/2016,0.971843494,0.151871904,1.060083006
2/5/2016,-6.576747373,-1.866155536,-7.538416966
2/8/2016,-2.834504645,-1.42613596,-9.415479457
2/9/2016,-1.243617442,-0.066904587,0.175012848
2/10/2016,1.72886043,-0.01955437,-3.1387645
2/11/2016,2.682879601,-1.238320059,4.623900713
2/12/2016,0.644420166,1.932453563,0.377549417
2/16/2016,2.726767997,1.637625842,2.697110825
2/18/2016,-1.719108119,-0.468293337,-1.139411261
2/19/2016,1.867529444,-0.003233478,-0.114618446
2/22/2016,4.495791592,1.434497783,6.484032035
2/23/2016,-1.179841116,-1.253696089,-0.299069367
2/25/2016,0.199551674,1.127833916,4.601363707
2/26/2016,0.013853611,-0.187734461,1.540105109
2/29/2016,-0.489849169,-0.815988485,0.831304798
3/1/2016,4.687637434,2.35829064,-2.950962785
3/2/2016,0.201314362,0.408047011,1.061670816
3/3/2016,-0.47047894,0.348688077,3.853265549
3/4/2016,-0.408334683,0.329468653,2.671091736
3/7/2016,-2.169523898,0.087859564,2.091366864
3/8/2016,-0.453017369,-1.131060537,-1.319684678
3/9/2016,-0.141769971,0.503309744,2.975344972
3/11/2016,1.892053733,1.625542225,1.123659809
3/14/2016,0.657221079,-0.126889153,3.619697309
3/15/2016,0.633806752,-0.18463022,1.471035067
3/16/2016,-0.478575194,0.557623473,1.630011079
3/17/2016,-2.617191001,0.656508986,1.984447025
3/18/2016,-1.325178602,0.438747395,2.769843224
3/21/2016,0.342678768,0.097632501,2.368361158
3/22/2016,1.165538581,-0.088736202,-1.727768765
3/23/2016,1.618447117,-0.641555068,-5.106870679
3/24/2016,2.31048149,-0.038773105,2.295236006
3/28/2016,-0.530682317,0.05357921,1.095123256
3/29/2016,2.383060313,0.876897099,-0.057371455
3/30/2016,0.809241698,0.433293459,-1.418705911
3/31/2016,-0.847905716,-0.205006157,1.260529319
4/1/2016,0.814465758,0.630219191,3.34589872
4/4/2016,-0.89199884,-0.322169899,3.879306941
4/5/2016,-1.196455444,-1.020479163,3.374870218
4/6/2016,2.682398936,1.044512662,3.820078071
4/7/2016,-1.785525287,-1.205629318,-3.146772326
4/11/2016,0.222610938,-0.275176538,-0.060821119
4/12/2016,1.206763459,0.960753496,-0.844644982
4/13/2016,1.912228172,0.998185051,2.670779276
4/14/2016,0.959037781,0.016441908,-1.055374382
4/15/2016,0.823719529,-0.099381075,1.045766957
4/18/2016,1.499256248,0.651095877,-0.248716094
4/19/2016,-1.180407513,0.307069684,-2.598560395
4/20/2016,0.806488497,0.075248768,1.044695226
4/21/2016,-0.315778699,-0.521660401,-0.675249378
4/22/2016,-1.678929899,0.003881765,2.174305128
4/25/2016,0.913518231,-0.182273069,-0.764406459
4/26/2016,-1.500516744,0.186113711,0.758577054
4/27/2016,-1.686204528,0.16403228,-0.89941334
4/28/2016,-0.757064948,-0.928158091,-1.507291636
4/29/2016,9.135225837,-0.508471647,-2.846688754
5/2/2016,3.611214423,0.777166158,0.430242697
5/3/2016,-1.850084554,-0.872271883,-4.000342488
5/4/2016,-0.063457065,-0.596334983,-4.292776964
5/5/2016,-1.776903473,-0.024807761,-5.083895934
5/6/2016,2.228649022,0.31602956,1.593624625
5/9/2016,0.855982645,0.074389784,-2.837030522
5/10/2016,3.37228934,1.239787249,-0.111002341
5/11/2016,1.433950573,-0.961546826,0.128502757
5/12/2016,0.655992133,-0.017769868,-0.808050489
5/13/2016,-1.122829098,-0.852292728,0.158224208
5/16/2016,0.103359486,0.974075733,0.326184866
5/17/2016,-2.19020088,-0.946408265,-1.758954139
5/18/2016,0.312233647,0.019693854,3.130525956
5/20/2016,0.610055433,0.599351387,2.327722358
5/23/2016,-0.865197425,-0.209393779,-1.860938102
5/24/2016,1.063027795,1.358315831,0.778029226
5/25/2016,0.587011076,0.6944776,0.762872093
5/26/2016,0.921203356,-0.021676723,2.491061677
5/27/2016,-0.374800502,0.42713936,-0.928867791
5/31/2016,1.46974725,-0.101207027,0.08451563
6/1/2016,-0.465186008,0.112809731,-1.658341054
6/2/2016,1.215121471,0.281439497,-0.274275755
6/3/2016,-0.372077696,-0.292236363,0.013070057
6/6/2016,0.163251552,0.487902701,0.768136568
6/7/2016,-0.412882111,0.128258837,5.148203345
6/8/2016,0.399269042,0.329780042,1.358773961
6/9/2016,0.138297911,-0.172526313,-2.650899776
6/10/2016,-1.348204835,-0.922355976,-4.718654976
6/13/2016,-0.373206606,-0.815432582,-0.421979262
6/14/2016,0.565461004,-0.180625887,-1.345234344
6/15/2016,-0.703774585,-0.184871026,1.265970227
6/16/2016,0.453354167,0.312179163,0.104959479
6/17/2016,-1.562568599,-0.326958526,-1.135845361
6/20/2016,1.07226184,0.578453332,1.943437219
6/21/2016,0.252519129,0.27018151,-0.041626327
6/22/2016,-0.732567402,-0.165950426,-11.03834693
6/23/2016,1.602028241,1.326953959,-0.132903171
6/24/2016,-3.254843955,-3.658682012,-1.669228286
6/27/2016,-1.093892438,-1.826827385,2.756779
6/28/2016,2.370708277,1.76083683,1.618091641
6/29/2016,1.074262594,1.688403763,4.077902828
6/30/2016,0.002249528,1.346838327,0.988886607
7/1/2016,1.395463835,0.194150093,1.967913735
7/5/2016,0.332265644,-0.687760416,-1.171452361
7/6/2016,1.297026552,0.533211141,0.214082754
7/7/2016,-0.141804757,-0.087908112,0.696348907
7/8/2016,1.245919112,1.513078931,0.387500274
7/11/2016,1.062176812,0.339487422,3.623123181
7/12/2016,-0.742454131,0.697717132,-0.058620405
7/13/2016,-0.749344161,0.012708741,-0.94893603
7/14/2016,-0.193565484,0.523720346,-0.451214513
7/15/2016,-0.781004148,-0.093787232,-0.512239099
7/18/2016,0.084722904,0.237042103,2.618741883
7/19/2016,0.524781111,-0.144579387,-0.439492539
7/20/2016,0.775793413,0.425161963,1.365851772
7/21/2016,-0.174038137,-0.362811111,-3.503474455
7/22/2016,0.05689525,0.453513344,0.798669392
7/25/2016,-0.708202828,-0.302478594,3.422116078
7/27/2016,0.145775758,-0.120857624,-0.446342714
7/28/2016,2.139891859,0.159670151,0.922730675
7/29/2016,0.819632342,0.162203488,1.795553701
8/1/2016,1.169148792,-0.127881343,-2.057695229
8/2/2016,-0.93774699,-0.638961223,-1.229977089
8/3/2016,-0.784815948,0.312137159,-0.623295017
8/4/2016,0.808369501,0.020597399,2.111605415
8/5/2016,0.681780577,0.855957392,-0.252538174
8/8/2016,0.074981361,-0.09147003,-1.697421106
8/9/2016,0.227292715,0.038232043,1.282126475
8/10/2016,0.03179393,-0.287619432,-1.509358001
8/11/2016,0.347384142,0.471629189,-0.3291994
8/12/2016,0.17026796,-0.080376054,0.310021423
8/15/2016,-0.528953281,0.27816188,-0.009609407
8/16/2016,-0.581509373,-0.550181345,-0.882340063
8/17/2016,0.076455095,0.185944904,-0.166345674
8/18/2016,-0.022972949,0.218980451,0.1201355
8/19/2016,-0.940554595,-0.144980302,0.663575327
8/22/2016,0.285388678,-0.057087886,-0.925000106
8/23/2016,0.38955888,0.194246957,0.852382023
8/24/2016,-0.685062168,-0.526117858,-0.992990204
8/25/2016,0.259097908,-0.137328336,-0.749164814
8/26/2016,1.279229395,-0.158718769,-0.440672208
8/29/2016,0.296576847,0.520675731,-2.202193321
8/31/2016,0.204857324,-0.238636233,0.315751381
9/1/2016,0.188900673,-0.004878276,-5.448089127
9/2/2016,0.235101407,0.418429637,-1.501259273
9/6/2016,2.103952573,0.296957114,2.5205266
9/7/2016,-0.558897615,-0.015488892,-0.55457347
9/8/2016,-0.054345213,-0.223343327,-2.180947051
9/9/2016,-3.099139206,-2.483623545,-1.476003014
9/12/2016,1.48122833,1.456161989,1.949433317
9/13/2016,-1.36859526,-1.495051515,-1.142009941
9/14/2016,0.009637314,-0.059661652,0.182586622
9/15/2016,1.122769404,1.005002319,2.02023349
9/16/2016,1.139810096,-0.378819508,2.453541443
9/19/2016,-0.441145186,-0.002737039,0.455722883
9/20/2016,0.657483061,0.029005259,-0.828202097
9/21/2016,1.211910355,1.084923301,0.282142068
9/22/2016,1.875729421,0.647025902,0.587030444
9/23/2016,0.129547548,-0.576178646,0.492055417
9/26/2016,-0.821922776,-0.863169909,0.738915963
9/27/2016,2.098031794,0.641582394,-1.534068637
9/28/2016,1.532523013,0.527463115,0.22247047
9/29/2016,0.039020051,-0.937307276,-2.738275301
9/30/2016,0.99062462,0.792872148,1.644813973
10/3/2016,-0.068811612,-0.327314676,4.629904398
10/4/2016,-0.32516406,-0.497555305,-1.078148069
10/5/2016,1.230102532,0.427899297,-1.406069251
10/6/2016,-0.321077124,0.047349908,-3.645021257
10/7/2016,-0.266068964,-0.3266459,-2.209055848
10/10/2016,0.270481003,0.458765914,2.182637909
10/11/2016,-1.281371335,-1.253252307,-0.424679963
10/12/2016,0.370305457,0.113743944,0.701322358
10/13/2016,-0.579085042,-0.311147376,-0.632970846
10/14/2016,-0.765848503,0.019336468,-1.881159659
10/17/2016,-1.224622093,-0.305083707,-1.306953665
10/18/2016,0.575656055,0.613328659,2.614703965
10/19/2016,0.004094738,0.218162676,2.214569457
10/20/2016,-0.906227328,-0.138489023,-2.216185895
10/21/2016,1.063412839,-0.009263839,0.495161109
10/24/2016,2.304462285,0.472955354,1.324660788
10/25/2016,-0.348757847,-0.381427253,-0.208285329
10/26/2016,-1.519837123,-0.17509688,-0.050330676
10/27/2016,-0.516465381,-0.30002372,0.870476173
10/28/2016,-5.274654502,-0.312218126,-2.001067404
10/31/2016,1.723122383,-0.013132509,-1.127388237
11/1/2016,-0.560828131,-0.68190599,-3.573815717
11/3/2016,0.190959516,-0.444198,-0.32049929
11/4/2016,-1.575131058,-0.167683512,1.660567616
11/7/2016,3.880098754,2.197061074,1.380093387
11/8/2016,0.357665868,0.375528933,0.89045757
11/9/2016,-2.036181362,1.100598281,-2.536209216
11/10/2016,-3.897771883,0.193898238,-2.510377151
11/11/2016,-0.45588231,-0.140796931,1.716134097
11/14/2016,-2.736069124,-0.012345466,-3.844409565
11/15/2016,3.305205457,0.744473612,1.269664973
11/16/2016,0.435499456,-0.159173608,0.086197396
11/17/2016,1.317994169,0.465725028,2.538295778
11/18/2016,0.495250601,-0.239567883,-1.948844622
11/21/2016,2.576008626,0.742877089,-0.271108131
11/22/2016,0.680518207,0.215815925,3.54003476
11/23/2016,-0.666313498,0.080084916,1.024530275
11/25/2016,0.03132889,0.389962235,1.800316368
11/28/2016,-1.758864418,-0.527578654,-0.27062557
11/29/2016,-0.556527227,0.132727888,-3.397543875
11/30/2016,-1.580378188,-0.266487553,-0.090511388
12/1/2016,-0.927116801,-0.353049033,-4.052287281
12/2/2016,-0.44699908,0.03878866,-0.226581933
12/5/2016,2.535760976,0.579565991,2.89394622
12/6/2016,0.702472124,0.339604313,-0.510775072
12/7/2016,0.741704169,1.306831801,3.851823097
12/9/2016,0.172213622,0.591182954,-0.058177934
12/12/2016,-1.118253198,-0.114821912,0.128985538
12/13/2016,1.852656034,0.651026413,2.928367446
12/14/2016,-0.716297462,-0.815906285,0.271268401
12/15/2016,-1.02328382,0.386639262,-0.561157076
12/16/2016,-0.426273702,-0.176147185,2.453767193
12/19/2016,1.079264479,0.19635837,0.11749528
12/20/2016,0.678188019,0.362132359,2.944428001
12/21/2016,-0.081355299,-0.246970074,-0.524349831
12/22/2016,-0.555247142,-0.187375245,0.359538429
12/23/2016,-0.75408024,0.124161741,2.317861835
12/27/2016,1.41035524,0.223680792,2.859269703
12/28/2016,0.093764004,-0.839985991,0.094800372
12/29/2016,-0.908923088,-0.030156686,-2.330472336
12/30/2016,-2.018138797,-0.465714993,-0.463154241
1/3/2017,0.504514332,0.844117771,1.531531419
1/4/2017,0.463627579,0.569582684,4.504455815
1/5/2017,3.025928418,-0.078137856,-0.106830769
1/6/2017,1.970550765,0.350037802,0.99071712
1/9/2017,0.115643274,-0.356613829,0.985225939
1/10/2017,-0.129247686,-0.001178082,-0.612699016
1/11/2017,0.390009304,0.281331362,-0.062155421
1/12/2017,1.811887371,-0.21602631,-0.062274751
1/17/2017,-0.913705258,-0.298698295,-0.918416913
1/18/2017,-0.278418346,0.174822787,1.17176045
1/19/2017,0.191719347,-0.36287147,2.23890806
1/20/2017,-0.088997518,0.334852963,0.395937264
1/23/2017,1.173316588,-0.27058047,1.69639633
1/24/2017,0.554729865,0.653053771,2.258881985
1/25/2017,1.696149446,0.798062821,-0.056343645
1/26/2017,0.312507756,-0.07496273,-0.774611101
1/30/2017,-0.648347084,-0.604109813,-0.922753736
1/31/2017,-0.83573456,-0.090345222,0.516043212
2/1/2017,1.070060747,0.028516846,-1.074817385
2/2/2017,0.907623325,0.055699623,0.921235845
2/3/2017,-3.607438565,0.722534607,-0.088815074
2/6/2017,-0.317813698,-0.213102205,2.528751244
2/7/2017,0.598605629,0.021337857,-0.113915016
2/8/2017,0.882130715,0.06796576,1.769436766
2/9/2017,0.199659214,0.572181702,2.679055053
2/10/2017,0.738533697,0.354573445,0.009748107
2/13/2017,1.088682935,0.521733892,4.134930389
2/14/2017,-0.018136136,0.398535454,0.133935218
2/15/2017,0.750121308,0.49650942,-0.436617639
2/16/2017,0.169226988,-0.087955997,-3.942165394
2/17/2017,0.108712446,0.166317655,1.210779894
2/21/2017,1.335082006,0.601587754,1.876322477
2/22/2017,-0.098386437,-0.109703295,-1.410053854
2/23/2017,-0.401938488,0.040465272,-6.621401056
2/24/2017,-0.820315672,0.147800353,0.392345695
2/27/2017,0.400051432,0.100349262,-4.282407854
2/28/2017,-0.426539489,-0.259595251,1.514067262
3/2/2017,-0.491418044,-0.589108955,0.182416972
3/3/2017,0.112750656,0.048922969,0.432764343
3/6/2017,-0.386792339,-0.329549923,-0.144487505
3/7/2017,-0.071107123,-0.29315985,-1.049830233
3/9/2017,0.292061511,0.078505518,-0.802645913
3/10/2017,-0.0647755,0.324881938,-0.496757929
3/13/2017,0.248129374,0.035231902,1.01112227
3/14/2017,-0.242794073,-0.339926973,4.692265113
3/15/2017,0.050221109,0.832618067,-0.885104439
3/16/2017,0.051319677,-0.164228139,2.439887827
3/17/2017,-0.131572473,-0.132942592,-0.211530744
3/20/2017,0.543832366,-0.202616253,0.159058357
3/21/2017,-1.621320684,-1.250011506,-4.387634983
3/23/2017,-0.081721193,-0.107590054,-0.091736166
3/24/2017,-0.210552009,-0.085887299,3.234724436
3/27/2017,0.141567633,-0.103435391,2.645996474
3/28/2017,1.076851194,0.721161,2.639065066
3/29/2017,2.116210063,0.107076383,-0.026630214
3/30/2017,0.229375232,0.29168384,0.193088661
3/31/2017,1.155834802,-0.227129261,0.135266741
4/3/2017,0.557647196,-0.165744799,7.012327438
4/4/2017,1.702410812,0.054511941,1.718924289
4/5/2017,0.268411664,-0.307350944,-2.907902124
4/6/2017,-1.218550002,0.191340369,1.245015579
4/7/2017,-0.380619194,-0.084144499,1.27597523
4/10/2017,1.348264309,0.067320354,3.202469303
4/11/2017,-0.518696203,-0.144888097,-1.186405473
4/12/2017,-0.68310033,-0.378155769,-3.922358854
4/13/2017,-1.29968998,-0.685254106,2.381989131
4/17/2017,1.937395302,0.856167134,-0.847152127
4/18/2017,0.196778307,-0.292239764,-0.397030843
4/19/2017,-0.509557604,-0.173289366,1.738473012
4/20/2017,0.316129542,0.751460378,-0.991517125
4/21/2017,-0.393570208,-0.305448285,1.014792816
4/24/2017,0.981943647,1.07669421,0.790532914
4/25/2017,0.021690483,0.605769363,1.851227128
4/26/2017,0.182374716,-0.050034192,-1.161794271
4/28/2017,0.715714152,-0.192950029,1.74581737
5/1/2017,2.479990536,0.171654527,2.74957782
5/2/2017,-0.137530505,0.117437109,-1.229365673
5/3/2017,-0.627493102,-0.128641594,-2.500325959
5/4/2017,-0.373996124,0.056823478,-5.133745438
5/5/2017,-0.362625822,0.406583864,4.268750149
5/8/2017,1.57966133,0.00201851,-0.378628062
5/9/2017,0.39567356,-0.104413075,4.476594374
5/10/2017,-0.408934516,0.111051069,1.22316604
5/11/2017,-0.142282406,-0.218542559,-0.656021574
5/12/2017,1.4364127,-0.150035723,0.525762403
5/15/2017,-0.354208969,0.47451423,-2.78979864
5/16/2017,0.839987063,-0.070713284,0.355094032
5/17/2017,-2.232591298,-1.836601629,-3.500935259
5/18/2017,1.440653763,0.365839504,2.242870714
5/19/2017,0.138614314,0.672333302,-0.717009639
5/22/2017,1.119990516,0.512686369,-0.156544607
5/23/2017,0.087588157,0.181618503,-2.11536403
5/24/2017,0.900720751,0.246603393,2.069465452
5/25/2017,1.318282643,0.44112898,2.106283921
5/26/2017,0.239200826,0.028940589,2.586939471
5/30/2017,0.090235935,-0.122644652,3.015199528
5/31/2017,-0.210990629,-0.048089642,1.746207446
6/1/2017,0.131494807,0.752122582,-0.189999908
6/2/2017,1.074427633,0.367950444,-0.155022849
6/5/2017,0.454740625,-0.123977671,2.172077364
6/6/2017,-0.830207177,-0.280427872,1.577516558
6/7/2017,0.700276347,0.154565916,1.9066929
6/8/2017,0.017717743,0.024634692,2.835084741
6/9/2017,-3.216797329,-0.085197748,-3.489295262
6/12/2017,-1.381343026,-0.100088633,0.469693042
6/13/2017,1.630162437,0.4479441,4.608399351
6/14/2017,-0.44359926,-0.101797089,1.242881454
6/15/2017,-1.269885395,-0.226457558,-1.409681137
6/16/2017,2.409907894,0.026113323,-1.057512548
6/19/2017,0.750193933,0.829011762,-0.433979578
6/20/2017,-0.261803578,-0.674135238,0.655428346
6/21/2017,0.964286873,-0.060500603,1.109142197
6/23/2017,0.241113015,0.15369589,0.217028774
6/26/2017,-0.979369275,0.029328597,-1.568763453
6/27/2017,-1.747778013,-0.812777813,-4.090050781
6/28/2017,1.375511699,0.874785757,2.416134787
6/29/2017,-1.466902656,-0.865886058,-2.868518566
6/30/2017,-0.818095986,0.150986586,0.235885202
7/3/2017,-1.494736755,0.228570237,-2.519771672
7/5/2017,1.840842941,0.142948419,-7.517841084
7/6/2017,-0.648736232,-0.943517906,-5.746659138
7/7/2017,1.39913727,0.636079491,1.409296969
7/10/2017,1.790979042,0.090459638,0.897183837
7/11/2017,-0.237348264,-0.080545309,3.47098487
7/12/2017,1.235291487,0.72557634,0.698101973
7/13/2017,-0.588266642,0.184926778,-1.873974393
7/14/2017,0.115389776,0.463795888,1.339714144
7/17/2017,0.815661881,-0.007784576,-2.539122534
7/18/2017,1.414099163,0.057274685,2.674380453
7/19/2017,0.233484287,0.53336008,-0.914485812
7/20/2017,0.175610217,-0.017805467,1.420093918
7/21/2017,-0.297383063,-0.039204887,-0.464194799
7/24/2017,1.283978258,-0.108895855,4.207298585
7/25/2017,0.08605024,0.289425011,-0.858625351
7/26/2017,1.233297007,0.025796635,1.241238962
7/27/2017,-0.650544194,-0.099864099,-2.771369054
7/28/2017,-2.515675048,-0.136722107,0.179699869
7/31/2017,-3.216254883,-0.075389036,-3.525857074
8/1/2017,0.845276873,0.242091536,-1.215522162
8/2/2017,-0.032665912,0.046704767,1.955807921
8/3/2017,-0.907361298,-0.221179516,6.299842803
8/4/2017,0.064280472,0.186156799,2.787385386
8/8/2017,-0.24774061,-0.244283159,2.787791273
8/9/2017,-0.796868871,-0.039052397,-0.466490909
8/10/2017,-2.590857547,-1.460706788,-2.264474373
8/11/2017,1.147512137,0.124790764,0.689895687
8/14/2017,1.56662019,0.996735007,1.640824215
8/15/2017,-0.059624638,-0.052550788,-0.407542874
8/16/2017,-0.467828078,0.139169826,0.157204598
8/17/2017,-1.819450071,-1.558501345,-3.077863499
8/18/2017,-0.221630395,-0.186472492,-1.27820836
8/21/2017,-0.544594566,0.113512625,-2.804476291
8/22/2017,1.414856856,0.986429817,1.024930897
8/23/2017,-0.927499557,-0.348724149,3.288032952
8/24/2017,-0.583809839,-0.210456181,0.042547694
8/25/2017,-0.760581146,0.164325244,-1.395178002
8/28/2017,0.077575391,0.04590081,-0.691841635
8/29/2017,0.84351576,0.08147957,0.487834406
8/30/2017,1.405478799,0.457740847,1.658904088
8/31/2017,1.332983163,0.567837203,0.764562085
9/1/2017,-0.242591899,0.195400291,-0.1432424
9/5/2017,-1.338450871,-0.760658177,-1.651004219
9/6/2017,0.259016903,0.309644507,-1.460728185
9/7/2017,1.195819227,-0.020639709,1.746543756
9/8/2017,-1.397973855,-0.151845329,-2.080706782
9/11/2017,1.238023869,1.07527557,5.737767504
9/12/2017,0.468394967,0.332926148,-0.261695066
9/14/2017,-0.744914147,-0.113009097,3.06510151
9/15/2017,-0.550606521,0.181698428,0.570124733
9/18/2017,-1.287963713,0.142609492,1.354346581
9/19/2017,-0.448313597,0.10810864,-2.607921034
9/20/2017,0.3419426,0.060537962,-0.320628422
9/21/2017,-0.886330984,-0.307933284,-2.009994483
9/22/2017,-0.997811134,0.061881685,-4.293006008
9/25/2017,-1.618809242,-0.225301601,-1.755567689
9/26/2017,-0.129635992,0.004284915,0.072407507
9/27/2017,1.295865687,0.404750726,-1.250365393
9/28/2017,0.576849999,0.117347986,-0.405648284
9/29/2017,0.513075413,0.366675589,0.437577224
10/2/2017,-0.228112209,0.38347381,0.122803798
10/3/2017,-0.221338106,0.212445641,1.913709132
10/4/2017,0.865414342,0.121361485,1.950894624
10/5/2017,1.579423298,0.559994508,0.087006038
10/6/2017,0.88306987,-0.110462203,0.432220256
10/9/2017,0.139421646,-0.183565304,-3.987370484
10/10/2017,-0.386108313,0.229040491,3.619354944
10/11/2017,0.784048281,0.177229363,-0.281754912
10/12/2017,0.591251361,-0.171776593,0.301152385
10/13/2017,0.197653878,0.084813287,-0.033895987
10/16/2017,0.335473589,0.171963361,-1.410568127
10/17/2017,0.274061968,0.064440737,1.45543046
10/18/2017,-1.212212858,0.071301867,1.087403014
10/19/2017,-1.050500169,0.029890306,-2.206912027
10/20/2017,-0.378604446,0.507502895,-1.928583763
10/23/2017,-1.707141862,-0.40086147,-2.372014488
10/24/2017,0.985786895,0.158865592,0.092114733
10/25/2017,-0.309708717,-0.470244905,-3.471339863
10/26/2017,-0.052141166,0.124219405,0.098433997
10/27/2017,12.41031944,0.801321271,-1.641001142
10/30/2017,0.892412229,-0.322552249,-0.249311529
10/31/2017,-0.505414092,0.091661582,3.511995708
11/1/2017,-0.147602034,0.156344659,-3.205534055
11/2/2017,-0.863574278,0.016255081,-7.040497978
11/3/2017,1.573069792,0.306434403,2.253843735
11/6/2017,0.808921133,0.124222474,-1.090091001
11/7/2017,0.221040659,-0.021597003,1.071515246
11/8/2017,0.857976446,0.141439466,-0.546694905
11/9/2017,-0.334385741,-0.379720066,-0.46381586
11/10/2017,-0.338102329,-0.092571807,-0.002767123
11/13/2017,0.336086627,0.095520568,4.011395936
11/15/2017,-0.899659463,-0.556921792,0.835886224
11/16/2017,0.933488033,0.813333795,0.381810878
11/17/2017,-0.656560401,-0.265818413,0.809808835
11/20/2017,-0.319307493,0.124637677,-2.026030285
11/21/2017,1.160516294,0.649107148,2.892543787
11/22/2017,1.44951941,-0.077876182,-1.655752113
11/24/2017,2.545360904,0.202549122,0.936425274
11/27/2017,0.822540046,-0.041309871,0.39562941
11/28/2017,-0.189530493,0.9771565,0.230426254
11/29/2017,-2.748844644,-0.039806112,-3.205887805
11/30/2017,1.321365711,0.81290936,0.422208516
12/1/2017,-1.23410972,-0.205507593,-0.756858542
12/4/2017,-2.476522099,-0.108120397,-0.437680723
12/5/2017,0.666917204,-0.377460969,-0.495512999
12/6/2017,0.9370087,-0.014287898,3.096434455
12/7/2017,0.640663203,0.289902556,-0.649822293
12/8/2017,0.187435549,0.546188714,1.239161809
12/11/2017,0.59085837,0.316780094,4.276981764
12/12/2017,-0.33196079,0.151868256,3.615729681
12/13/2017,-0.084335644,-0.050073992,-0.590953681
12/14/2017,0.863482419,-0.410848284,-0.339747099
12/15/2017,0.411761241,0.890472443,1.629153761
12/18/2017,0.962585939,0.531916332,-1.345430233
12/19/2017,-0.272065805,-0.326481296,-2.322543793
12/21/2017,-0.246115741,0.195409784,0.808384557
12/22/2017,-0.549297366,-0.048840845,-1.97001068
12/26/2017,0.713400147,-0.108883875,-2.465407389
12/27/2017,0.463309866,0.076076523,-1.799738577
12/28/2017,0.321258742,0.180218206,1.183603114
12/29/2017,-1.41498269,-0.522649544,-1.282700924
1/2/2018,1.654054357,0.823921551,2.902837819
1/3/2018,1.266423186,0.634829626,-1.031593715
1/4/2018,0.443561479,0.399013166,-0.835497192
1/5/2018,1.600345593,0.697928284,0.618058144
1/8/2018,1.429097207,0.163027898,6.072393367
1/9/2018,0.463409077,0.127139854,-0.814890609
1/10/2018,0.12699367,-0.114325692,0.329050943
1/11/2018,1.763133324,0.69788891,0.93344357
1/12/2018,2.206256263,0.669624124,-0.516282908
1/16/2018,-0.029201121,-0.356221998,1.132482826
1/17/2018,-0.761737745,0.933867754,2.063133827
1/18/2018,-0.133023606,-0.164975254,-0.752053181
1/19/2018,0.094144159,0.434331939,1.566066101
1/22/2018,2.493549519,0.800176169,0.435746693
1/23/2018,2.616282672,0.213858027,0.345920342
1/24/2018,-0.373218553,-0.059383127,-1.978584363
1/25/2018,1.491073265,0.056846682,-2.417455338
1/26/2018,1.730493573,1.173793941,1.527909598
1/29/2018,1.105231191,-0.678870893,1.926235996
1/30/2018,1.407174873,-1.099316312,-1.07054639
1/31/2018,0.901488495,0.04546193,2.421956663
2/1/2018,-4.290821896,-0.068309318,-1.441906116
2/2/2018,2.830035475,-2.147202275,-1.590866299
2/5/2018,-2.837131365,-4.18781576,-3.141747624
2/6/2018,3.727400639,1.725495722,0.248274799
2/7/2018,-1.82620009,-0.504948089,3.245792095
2/9/2018,-0.813919269,1.47903028,-1.541167022
2/12/2018,3.41819792,1.378387109,1.692640423
2/13/2018,2.015975426,0.257390539,2.477057857
2/14/2018,2.546893517,1.327809757,-0.421517114
2/15/2018,0.731893542,1.196206712,3.580201793
2/16/2018,-0.901633145,0.03386053,0.420675843
2/20/2018,1.344430351,-0.589385959,-0.218373344
2/21/2018,0.983822518,-0.554728105,-0.443632986
2/22/2018,0.159491628,0.093746112,3.785133656
2/23/2018,0.978608626,1.586593582,1.680792699
2/26/2018,1.449219859,1.165337019,1.510323859
2/27/2018,-0.660877662,-1.282475003,-1.819030867
2/28/2018,0.027407087,-1.119451835,-2.288905789
3/1/2018,-1.267758967,-1.34495822,-3.60341481
3/2/2018,0.450674961,0.502262105,1.254571477
3/5/2018,1.541485786,1.093572705,-0.533163782
3/6/2018,0.912846584,0.259757479,-1.560760386
3/7/2018,0.473759288,-0.052152594,1.237746265
3/8/2018,0.439248327,0.441534004,-0.971431258
3/9/2018,1.723088986,1.71925602,-0.591875933
3/12/2018,1.223836566,-0.13112354,5.450522166
3/14/2018,0.173373485,-0.578124412,-4.555503623
3/15/2018,-0.551011105,-0.082168833,-0.319774242
3/16/2018,-0.678502725,0.166391589,-1.317693725
3/19/2018,-1.720459066,-1.434412277,-2.457814612
3/21/2018,-0.297473319,-0.18851439,1.903363666
3/22/2018,-2.366783295,-2.55235174,-2.379180482
3/23/2018,-3.25100296,-2.12284372,-2.480081851
3/26/2018,3.948959749,2.675695849,0.867887205
3/27/2018,-3.857162606,-1.746701181,-8.580262386
3/28/2018,-4.48690005,-0.296037088,-7.978966125
3/29/2018,1.102147205,1.363687331,3.183953669
4/2/2018,-5.350431018,-2.262986028,-5.269212881
4/3/2018,1.447610457,1.24967831,5.786055214
4/5/2018,2.87361595,0.679969557,6.335680603
4/6/2018,-3.26082011,-2.220351904,-2.126268722
4/9/2018,0.056495723,0.329126878,-3.277835348
4/10/2018,2.116953051,1.654914691,5.058041342
4/11/2018,-0.644468334,-0.558013791,-1.248942546
4/12/2018,1.487967541,0.817744671,-2.306527506
4/13/2018,-1.234094977,-0.292997776,2.102413165
4/16/2018,0.741856745,0.803743267,-3.090941345
4/17/2018,4.229228973,1.056644159,-1.219982693
4/18/2018,1.580034095,0.079156835,1.944347246
4/19/2018,1.880870653,-0.578203394,2.264323577
4/20/2018,-1.91172507,-0.86131771,-3.338092218
4/23/2018,-0.636496857,0.001568198,-2.399525066
4/24/2018,-3.88439318,-1.351143577,0.027702522
4/25/2018,0.00134732,0.179400409,-0.986154973
4/26/2018,3.877276121,1.033850033,1.687949027
4/27/2018,3.533324688,0.107053963,2.96374158
4/30/2018,-0.41778695,-0.82636582,-0.065478251
5/1/2018,1.020413397,0.250333642,2.023376693
5/2/2018,-0.802678332,-0.727633478,0.404830683
5/3/2018,0.148418233,-0.229977945,-5.709456751
5/4/2018,0.55830582,1.268652258,3.328509865
5/7/2018,1.202194594,0.340869291,2.904431026
5/8/2018,-0.489947664,-0.03100602,-0.269015018
5/10/2018,0.062590954,0.928153204,-0.602711098
5/11/2018,-0.388674273,0.1661208,-1.311269887
5/14/2018,-0.089971538,0.083844194,-3.070319679
5/15/2018,-1.60444947,-0.691058668,-2.708818328
5/16/2018,0.701027083,0.400686048,0.801544108
5/17/2018,-0.352919977,-0.090171819,-0.68403638
5/18/2018,-0.472817386,-0.268087069,-2.755162493
5/21/2018,0.697471483,0.731494699,2.728598911
5/22/2018,-0.260922109,-0.318589431,-3.393584901
5/23/2018,1.280832353,0.319656999,1.460861069
5/24/2018,0.070903501,-0.207129025,-0.442725616
5/25/2018,0.436082276,-0.240603058,0.354657571
5/29/2018,0.164208694,-1.167732605,1.740903658
5/30/2018,0.737917936,1.257012217,2.761992613
5/31/2018,0.285987601,-0.695018247,-2.429997646
6/1/2018,0.724059638,1.074340221,2.454839706
6/4/2018,1.43042159,0.442137572,1.667097578
6/5/2018,1.844309225,0.065385325,-1.913489051
6/6/2018,-0.040251613,0.848213358,9.293860083
6/7/2018,-0.386016496,-0.076375888,-1.077965284
6/8/2018,-0.319788837,0.307143983,0.490508776
6/11/2018,0.299403744,0.102046588,4.440678289
6/12/2018,0.56378829,0.169474411,3.157646134
6/13/2018,0.354262941,-0.408192583,0.579919284
6/14/2018,1.103392552,0.241945927,3.679495544
6/15/2018,-0.46359454,-0.106611342,0.120873925
6/18/2018,0.449947895,-0.21757884,3.46885634
6/19/2018,0.630784596,-0.407891517,-5.05986493
6/21/2018,-1.146141789,-0.641422178,-4.150682801
6/22/2018,-0.849279597,0.181225803,-4.080880786
6/25/2018,-3.113714083,-1.386657248,-0.190693932
6/26/2018,1.661273904,0.21550275,2.65911685
6/27/2018,-1.829587848,-0.868898365,0.723595592
6/28/2018,2.430779059,0.611146092,1.559079582
6/29/2018,-0.101784522,0.071044444,-2.019620009
7/2/2018,0.814345096,0.301586367,-2.329253767
7/3/2018,-1.168045916,-0.50075744,-7.504474429
7/5/2018,0.33522238,0.85356373,-0.553192691
7/6/2018,0.634328239,0.839647653,-0.089041577
7/9/2018,1.641070596,0.873497589,3.058697289
7/10/2018,0.227655868,0.341766027,1.230669443
7/11/2018,0.677109851,-0.716934926,-1.099431511
7/12/2018,2.338867315,0.866140235,-0.712877923
7/13/2018,0.904114281,0.102742283,0.674571909
7/16/2018,0.515296476,-0.107989751,-2.793987162
7/17/2018,1.164481538,0.391513934,3.974663
7/18/2018,-0.059776163,0.210831894,0.353839526
7/19/2018,-1.643478867,-0.401068988,-1.129080594
7/20/2018,0.035132927,-0.100013061,-2.103617833
7/23/2018,-0.652245637,0.178567729,-3.371255859
7/24/2018,1.495300443,0.471910797,-1.926414505
7/25/2018,1.856447332,0.901002411,3.727020081
7/26/2018,-3.034460784,-0.308731372,-0.684286122
7/27/2018,0.506316509,-0.663479353,-3.141999093
7/30/2018,-2.121156913,-0.582202194,-2.39223074
7/31/2018,-0.105246291,0.482133023,2.704467633
8/1/2018,1.098708147,-0.109294799,0.896334924
8/2/2018,2.041343557,0.48617471,14.99868133
8/3/2018,-0.608956207,0.458055537,-0.397992881
8/6/2018,1.327349707,0.347937967,-1.796197133
8/7/2018,0.78876368,0.276759907,10.42049028
8/8/2018,1.277234765,-0.031501713,-2.467013286
8/9/2018,0.628844442,-0.149504343,-4.956510503
8/10/2018,-0.651025817,-0.719218904,0.853550289
8/13/2018,0.51817166,-0.406691415,0.253172934
8/14/2018,1.223842986,0.631632717,-2.496686668
8/15/2018,-1.9530798,-0.768353744,-2.613457036
8/16/2018,0.201739679,0.783615968,-0.966442038
8/20/2018,-0.298456953,0.237219818,0.952471237
8/21/2018,0.351592279,0.201324923,4.266040606
8/22/2018,1.128735316,-0.045110791,-0.08608141
8/23/2018,-0.110307816,-0.17452967,-0.485215694
8/24/2018,0.125451828,0.612655527,0.840838801
8/27/2018,1.157736473,0.758799078,-1.111094972
8/28/2018,0.260938847,0.021581766,-2.353616321
8/29/2018,3.316351788,0.56320916,-2.226300535
8/30/2018,0.208688184,-0.449304867,-0.616967426
8/31/2018,0.509242706,0.008131788,-0.498032778
9/4/2018,1.317493177,-0.170829485,-4.309949459
9/5/2018,-2.220894488,-0.286021347,-2.887787446
9/6/2018,-1.85250578,-0.371214178,0.069459278
9/7/2018,-0.324471687,-0.226894851,-6.516370585
9/10/2018,-0.676593232,0.184287747,8.112269879
9/11/2018,2.44707741,0.367971509,-2.150754426
9/12/2018,0.138002456,0.030345756,3.890054368
9/13/2018,-0.011848196,0.521520155,-0.377736189
9/14/2018,-0.999222932,0.02225669,1.958314929
9/17/2018,-3.211152019,-0.563816748,-0.127316701
9/18/2018,1.710490093,0.530177624,-3.413685899
9/19/2018,-0.761858475,0.119961112,4.810876371
9/20/2018,0.918578263,0.775713753,-0.236309786
9/21/2018,-1.523206726,-0.042147761,0.252483256
9/24/2018,0.999941832,-0.3576129,0.188304317
9/25/2018,2.050978787,-0.136019486,0.430757287
9/27/2018,1.907006867,0.27057775,-0.673008048
9/28/2018,-0.502411717,-0.006084291,-14.97326252
10/1/2018,0.062449707,0.358024597,15.9912048
10/2/2018,-1.668099457,-0.045128937,-3.170562974
10/3/2018,-0.95085373,0.065729409,-2.093352036
10/4/2018,-2.249845411,-0.825728222,-4.504731991
10/5/2018,-1.04621612,-0.559756114,-7.320468983
10/8/2018,-1.349667156,-0.045026295,-4.451028246
10/9/2018,0.310413151,-0.147425239,4.763955037
10/10/2018,-6.355300795,-3.347118347,-2.283906984
10/11/2018,-2.07139716,-2.084237469,-1.832247499
10/12/2018,3.943213311,1.4051715,2.558242882
10/15/2018,-1.563988571,-0.597700293,0.307062427
10/16/2018,3.29057506,2.121248564,6.337749687
10/17/2018,0.639129467,-0.030776278,-1.759845476
10/18/2018,-3.392915795,-1.455101125,-2.943926276
10/19/2018,-0.3840041,-0.041602966,-1.498131838
10/22/2018,1.416763821,-0.436468733,0.35912775
10/23/2018,-1.163533998,-0.558269284,11.96714121
10/24/2018,-6.095590415,-3.140639002,-1.941634063
10/25/2018,6.843190711,1.839837525,8.737764984
10/26/2018,-8.147858995,-1.753420652,4.963305085
10/29/2018,-6.540950819,-0.663737253,1.181030598
10/30/2018,-0.556908442,1.548888469,-1.494949994
10/31/2018,4.316043676,1.073644024,2.218592818
11/1/2018,4.132785875,1.044606053,2.036689476
11/2/2018,-0.005616438,-0.639288522,0.611152803
11/5/2018,-2.297040685,0.552825534,-1.462465841
11/6/2018,0.912179985,0.618280123,-0.105339645
11/7/2018,6.628307604,2.093036644,2.054710378
11/8/2018,-0.038713393,-0.256878151,0.920624752
11/9/2018,-2.456031137,-0.929775017,-0.259213196
11/12/2018,-4.51962358,-1.995458932,-5.648173834
11/13/2018,-0.353305908,-0.15400051,2.218247912
11/14/2018,-1.997014199,-0.765344927,1.538108132
11/15/2018,1.263869374,1.048104642,1.276741907
11/16/2018,-1.626123914,0.21635775,1.664886952
11/19/2018,-5.230939327,-1.684124377,-0.243170223
11/20/2018,-1.124961452,-1.837635139,-1.712107027
11/21/2018,1.406450657,0.298031312,-2.718639044
11/23/2018,-0.977695814,-0.663422791,-3.728990298
11/26/2018,5.137089049,1.535516741,6.000515053
11/28/2018,5.907204847,2.265569507,1.136141891
11/29/2018,-0.255320316,-0.22441246,-1.950653234
11/30/2018,0.981174843,0.807919153,2.686440017
12/3/2018,4.742421159,1.082337154,2.253844984
12/4/2018,-6.050551577,-3.295885876,0.331101061
12/6/2018,1.822763037,-0.158229224,0.923882725
12/7/2018,-4.216467722,-2.365551352,-1.4178076
12/10/2018,0.721907397,0.170169927,1.980009832
12/11/2018,0.128660733,-0.041558798,0.434024983
12/12/2018,1.221881068,0.534569291,-0.049548496
12/13/2018,-0.316611211,-0.025940226,2.735724215
12/14/2018,-4.096582883,-1.933039039,-2.990656544
12/17/2018,-4.568516429,-2.105173698,-4.84914744
12/18/2018,1.984071287,0.002667094,-3.329642845
12/19/2018,-3.709043541,-1.557628103,-1.218031354
12/20/2018,-2.323549841,-1.59583574,-5.433471283
12/21/2018,-5.883108302,-2.08633946,1.376343678
12/24/2018,-2.467320347,-2.754629868,-7.936519757
12/26/2018,9.019402393,4.834317745,9.881694736
12/27/2018,-0.637646731,0.84651331,-3.108099042
12/28/2018,1.108316864,-0.130344984,5.453707669
12/31/2018,1.601309681,0.83955302,-0.32711426
1/2/2019,2.437894259,0.120687089,-7.064321371
1/3/2019,-2.562664418,-2.512942742,-3.203864441
1/7/2019,3.371484824,0.692433216,5.287340003
1/8/2019,1.641365558,0.958639567,0.110149384
1/9/2019,0.165076883,0.402747962,0.937577516
1/10/2019,-0.199275612,0.444577576,1.878230497
1/11/2019,-0.956348461,-0.020959629,0.655303423
1/14/2019,-1.439827845,-0.533440854,-3.779899946
1/15/2019,3.478477359,1.060133144,2.948978178
1/16/2019,0.54272421,0.215595895,0.462879139
1/17/2019,0.552745357,0.749944293,0.357117758
1/18/2019,0.169429205,1.303280325,-13.89942595
1/22/2019,-3.854381693,-1.43223126,-1.11754307
1/23/2019,0.473389475,0.21363804,-3.870419915
1/24/2019,0.898618582,0.131067054,1.347427713
1/25/2019,0.934227313,0.838903222,1.872871487
1/28/2019,-1.982012556,-0.79418854,-0.228850466
1/29/2019,-2.730137452,-0.152114368,0.357351172
1/30/2019,4.684570269,1.536550037,3.7252807
1/31/2019,2.844096208,0.849708723,-0.574738144
2/1/2019,-5.538502974,0.083437073,1.669934296
2/4/2019,0.427956898,0.668872362,0.211096322
2/5/2019,1.542746308,0.463298688,2.661476649
2/6/2019,-1.131067295,-0.229184732,-1.300021717
2/7/2019,-1.597437092,-0.946557655,-3.115233225
2/8/2019,-1.639556811,0.061131504,-0.564095482
2/12/2019,2.905414169,1.274264719,-0.336307125
2/13/2019,0.114893983,0.295422618,-1.18076709
2/14/2019,-1.070054331,-0.272009495,-1.444562501
2/15/2019,-0.91652423,1.075534743,1.33745701
2/19/2019,1.206897125,0.143241581,-0.736739608
2/20/2019,-0.343811018,0.171005396,-1.019376408
2/21/2019,-0.170724464,-0.359869659,-3.823235018
2/25/2019,0.081613808,0.116507686,1.361621374
2/26/2019,0.201388035,-0.085679704,-0.311654681
2/27/2019,0.279588536,-0.061022464,5.505734488
2/28/2019,-0.083383682,-0.289526117,1.613327036
3/1/2019,1.92015238,0.680672502,-8.174764979
3/4/2019,1.444885622,-0.395303861,-3.257664642
3/5/2019,-0.22726017,-0.119737924,-3.146127113
3/6/2019,-1.403704248,-0.661177491,-0.115168807
3/8/2019,-0.323837286,-0.219999179,2.686474609
3/11/2019,3.020917385,1.449378233,2.351547064
3/12/2019,0.141733932,0.288293844,-2.639611663
3/13/2019,1.046353281,0.685951924,1.950405115
3/14/2019,-0.278499406,-0.093497489,0.338815411
3/15/2019,1.531663166,0.490594407,-5.147608035
3/18/2019,1.718116782,0.363279545,-2.186853068
3/19/2019,1.117862989,-0.019632349,-0.758962696
3/20/2019,1.983899887,-0.301417623,2.259433275
3/21/2019,1.209521901,1.07282623,0.146815722
3/22/2019,-3.047492834,-1.922230663,-3.531196551
3/25/2019,0.529757916,-0.090485246,-1.572439577
3/26/2019,0.527293805,0.708992983,2.776558617
3/28/2019,0.429587659,0.351620532,1.362925432
3/29/2019,0.4058686,0.664567867,0.43746224
4/1/2019,1.853867729,1.143644207,3.269408276
4/2/2019,-0.018286263,-0.004966767,-1.154431274
4/4/2019,-0.107739402,0.201616414,-8.600345905
4/5/2019,1.001028247,0.455969,2.639387546
4/8/2019,0.675741824,0.098061062,-0.64878427
4/9/2019,-0.767495182,-0.615309994,-0.333007275
4/10/2019,0.617180838,0.340444058,1.360971243
4/11/2019,-0.183339675,-0.002900109,-2.813251219
4/12/2019,-0.061436564,0.652100313,-0.275248685
4/15/2019,0.091497047,-0.069614259,-0.5009665
4/16/2019,0.973364819,0.044210522,2.579862327
4/17/2019,0.088779838,-0.234352431,-0.788961684
4/18/2019,-0.174643442,0.151127144,0.739001502
4/22/2019,1.360161906,0.094520465,-3.928703355
4/23/2019,1.906821939,0.87363238,0.430120644
4/25/2019,0.019630584,-0.043561704,-4.364527784
4/26/2019,2.504897641,0.460832295,-5.182066279
4/29/2019,-0.633893645,0.100601683,2.649920812
4/30/2019,-0.622859746,0.088548531,-1.164508259
5/1/2019,-0.788283075,-0.759674734,-1.986811255
5/2/2019,-0.567970531,-0.21925457,4.214786927
5/3/2019,3.184712345,0.952582609,4.373692613
5/6/2019,-0.615338662,-0.454704063,0.114877767
5/7/2019,-1.533127885,-1.671524156,-3.303056153
5/8/2019,-0.174912204,-0.167301678,-0.909258768
5/9/2019,-0.944390434,-0.309229997,-1.181613882
5/10/2019,-0.528552509,0.364709248,-1.028447969
5/13/2019,-3.632456271,-2.449277046,-5.370913179
5/14/2019,0.945623374,0.791741221,2.301208496
5/15/2019,1.665532048,0.57548711,-0.161804333
5/16/2019,1.921034916,0.878938163,-1.579643404
5/17/2019,-2.049347328,-0.592128647,-7.88584731
5/20/2019,-0.544754852,-0.683883338,-2.730239028
5/21/2019,-0.084685516,0.839337377,-0.143096502
5/23/2019,-2.412169769,-1.205281578,1.415183228
5/24/2019,0.422008495,0.128552071,-2.524200021
5/28/2019,0.71192829,-0.847807328,-1.024296822
5/29/2019,-0.949958159,-0.700330741,0.606105582
5/30/2019,-0.16465395,0.202860112,-0.874311169
5/31/2019,-2.303974132,-1.335032824,-1.645829812
6/3/2019,-4.758800702,-0.283619415,-3.406930036
6/4/2019,2.148100711,2.113880402,7.850891129
6/5/2019,0.508874814,0.806187737,1.525931717
6/6/2019,0.901403977,0.604944345,4.644563219
6/7/2019,2.785156053,1.037558211,-0.713276948
6/10/2019,3.082440422,0.458154864,4.009293105
6/11/2019,0.158146678,-0.041706448,1.956228087
6/12/2019,-0.457397126,-0.210705515,-3.684790624
6/13/2019,0.797431593,0.402161335,2.191047008
6/14/2019,-0.040430103,-0.168020935,0.464310268
6/17/2019,0.864501462,0.086419235,4.590073646
6/18/2019,0.803344691,0.960336626,-0.135664918
6/19/2019,0.382775426,0.291359353,0.742447804
6/20/2019,0.484559912,0.936075612,-3.060389345
6/21/2019,-0.366573513,-0.132741364,1.008041995
6/24/2019,0.129144795,-0.180133357,0.792309593
6/25/2019,-1.886012571,-0.960999487,-1.756981591
6/26/2019,1.02925567,-0.130209311,-0.229959189
6/27/2019,0.332549732,0.374848868,1.608280317
6/28/2019,-0.56757723,0.567354462,0.271100464
7/1/2019,1.490265644,0.757616917,1.639929305
7/2/2019,0.621899857,0.285727206,-1.166676766
7/3/2019,0.235591859,0.757734204,4.499573871
7/5/2019,0.19479151,-0.187410946,-0.775894242
7/8/2019,0.476521325,-0.49134744,-1.197732601
7/9/2019,1.819479629,0.116894386,-0.128318306
7/10/2019,1.446765111,0.443369744,3.772175235
7/11/2019,-0.819936616,0.221577035,-0.140708656
7/12/2019,0.488352494,0.454295915,2.672956149
7/15/2019,0.488907326,0.010955226,3.371287393
7/16/2019,-0.556907923,-0.347615998,-0.449449025
7/17/2019,-0.899732302,-0.661924075,0.971187159
7/18/2019,-0.718539522,0.350874821,-0.525962259
7/19/2019,-0.685431243,-0.626246481,1.806887796
7/22/2019,1.062172046,0.275812639,-0.979692846
7/23/2019,0.438527758,0.675729602,1.73417125
7/24/2019,0.309745314,0.461089148,1.787536612
7/26/2019,-1.577864472,0.729368627,-0.348142157
7/29/2019,-1.594093501,-0.168454498,3.326851304
7/30/2019,-0.737204849,-0.264883467,2.708794793
7/31/2019,-1.693145608,-1.101178235,-0.275326969
8/1/2019,-0.622417961,-0.910582886,-3.271125244
8/2/2019,-1.750887546,-0.737623793,0.202631875
8/5/2019,-3.245736312,-3.029675765,-2.609145195
8/6/2019,1.271164908,1.286644881,1.052016575
8/7/2019,0.304303236,0.069891078,1.143677519
8/8/2019,2.171411607,1.852188732,2.062444562
8/9/2019,-1.397190389,-0.67054426,-1.396918827
8/12/2019,-1.268186415,-1.24603844,-2.592899344
8/13/2019,2.177806286,1.495177086,2.575331174
8/14/2019,-3.429064206,-2.979692755,-6.775330932
8/15/2019,0.737043926,0.239466136,-1.83550513
8/16/2019,0.915307977,1.425703078,1.967842754
8/19/2019,1.298601293,1.196714793,3.078007373
8/20/2019,-0.82156153,-0.801251648,-0.435180122
8/21/2019,1.216089422,0.814722617,-2.258793912
8/22/2019,-1.047294047,-0.057168259,0.589417519
8/23/2019,-3.103908804,-2.635436066,-4.966625905
8/26/2019,1.087682371,1.085763349,1.682049889
8/27/2019,-0.405311067,-0.327352738,-0.435340996
8/28/2019,0.130772278,0.645921992,0.696370061
8/29/2019,1.241238052,1.254309898,2.792735972
9/3/2019,0.75343384,-0.69879407,-0.272799727
9/4/2019,0.593990437,1.071879351,-1.949602123
9/5/2019,2.196053093,1.286070754,3.947261344
9/6/2019,-0.398899922,0.084580726,-0.938545822
9/9/2019,-0.124316488,-0.015839814,1.883697094
9/10/2019,-0.59790901,0.025786889,1.598457683
9/11/2019,0.127494102,0.713928874,4.784789609
9/12/2019,1.115124688,0.281118042,-0.505396718
9/13/2019,-0.234875984,-0.078714237,-0.279118227
9/16/2019,-1.733678919,-0.320325276,-0.985771968
9/17/2019,0.80417108,0.251623351,0.805926385
9/18/2019,-0.285811564,0.028126332,-0.538615501
9/19/2019,0.216043699,-0.004002534,1.263167574
9/20/2019,-1.518364665,-0.496787318,-2.460891832
9/23/2019,-0.501156489,-0.015803649,0.24707515
9/24/2019,-2.483735355,-0.851281067,-7.769862812
9/25/2019,1.516588332,0.607995904,2.423843116
9/26/2019,-1.63010682,-0.249050115,5.877934818
9/27/2019,-0.836308602,-0.538834276,-0.183217993
9/30/2019,0.598557737,0.497655399,-0.527573865
10/1/2019,-0.020787652,-1.239220906,1.567665219
10/2/2019,-1.306043492,-1.812430844,-0.645474821
10/3/2019,0.645169142,0.788167485,-4.24877101
10/4/2019,0.87350876,1.405870306,-0.694783099
10/7/2019,-0.408668578,-0.454890032,2.675551113
10/8/2019,-1.58539014,-1.574343336,0.969342988
10/9/2019,0.955585293,0.900274831,1.843021862
10/11/2019,0.669410121,1.081848388,1.27275199
10/14/2019,0.253874961,-0.144999976,3.587339482
10/15/2019,1.760499648,0.98445278,0.355080838
10/16/2019,0.561003037,-0.206181878,0.712625723
10/17/2019,0.557881232,0.269956999,0.845091119
10/18/2019,-1.696738538,-0.398567585,-1.940714863
10/21/2019,1.583089547,0.678893618,-1.357682931
10/22/2019,-1.128282666,-0.363395354,0.811274488
10/23/2019,-0.207679232,0.278447344,-0.35862471
10/24/2019,1.044929337,0.18624401,16.26512162
10/25/2019,-1.103874471,0.400799123,9.063816235
10/28/2019,0.884510232,0.550855963,-0.133804541
10/29/2019,-0.817560603,-0.088919021,-3.574735124
10/30/2019,0.969783103,0.319055517,-0.389132384
10/31/2019,-0.193005864,-0.30849729,-0.034324853
11/1/2019,0.822643429,0.95578482,-0.518363661
11/4/2019,0.729441226,0.36391638,1.313212796
11/5/2019,-0.169302124,-0.124338923,-0.084475676
11/6/2019,-0.335926814,0.064526426,2.902244652
11/7/2019,-0.428112287,0.266966313,2.700951952
11/8/2019,-0.135464453,0.250096463,0.470064668
11/11/2019,-0.805612884,-0.202055968,2.325077003
11/12/2019,0.352164342,0.150725888,1.38717465
11/13/2019,-1.415313457,0.065593905,-1.103183334
11/14/2019,0.079420958,0.078135023,0.926234186
11/15/2019,-0.870373049,0.761123422,0.798486271
11/18/2019,0.741371914,0.044823169,-0.626418275
11/19/2019,0.009355713,-0.064756441,2.681040308
11/20/2019,-0.420427392,-0.381695515,-2.056751279
11/21/2019,-0.627034988,-0.163633489,0.733053468
11/22/2019,0.627559854,0.212134107,-6.342744378
11/25/2019,1.592645692,0.742610136,0.980673976
11/26/2019,1.288536575,0.214001297,-2.236115955
11/27/2019,1.187833193,0.411176293,0.71256829
11/29/2019,-0.984124667,-0.407408096,-0.413815993
12/2/2019,-1.077318693,-0.872245621,1.477760468
12/3/2019,-0.660996656,-0.671529375,0.390874086
12/4/2019,-0.530542784,0.624941116,-0.952781675
12/5/2019,-1.159933895,0.144460642,-0.807394851
12/6/2019,0.631419593,0.903972533,1.651602666
12/9/2019,-0.124840835,-0.322235418,1.072401804
12/11/2019,0.539886387,0.284969086,1.095026915
12/12/2019,0.656321872,0.84846946,1.954288154
12/13/2019,0.02924848,0.001860672,-0.364688529
12/16/2019,0.463167472,0.70686622,6.243539854
12/17/2019,1.199749011,0.02815376,-0.665480874
12/18/2019,-0.376284421,-0.048581831,3.66279757
12/19/2019,0.456000348,0.439568,2.726899167
12/20/2019,-0.32835947,0.48791713,0.377545259
12/23/2019,0.357809751,0.081207006,3.299941919
12/24/2019,-0.217055532,-0.024998786,1.422688036
12/26/2019,4.345179074,0.506054177,1.323712859
12/27/2019,0.049760368,-0.001944034,-0.135384745
12/30/2019,-1.238122466,-0.585047296,-3.716597824
12/31/2019,0.046189069,0.28893618,0.866287461
1/2/2020,2.673545248,0.829074487,2.806595494
1/3/2020,-1.226593306,-0.71375121,2.915000619
1/6/2020,1.472410598,0.347536417,1.901986132
1/7/2020,0.203923471,-0.285731187,3.801656097
1/8/2020,-0.788861845,0.484115836,4.798327456
1/9/2020,0.473628509,0.658170716,-2.224088554
1/10/2020,-0.950501898,-0.290912534,-0.669926392
1/13/2020,0.426417321,0.69029529,9.315805984
1/14/2020,-1.167213535,-0.156225634,2.453171451
1/15/2020,-0.402380786,0.182160101,-3.68167008
1/16/2020,0.846552409,0.828380236,-0.975740844
1/17/2020,-0.711163104,0.380759978,-0.588704078
1/21/2020,1.447727704,-0.27018017,6.93774652
1/22/2020,-0.244850883,0.024300692,4.000374727
1/23/2020,-0.157305554,0.109429878,0.457841145
1/27/2020,-1.809514839,-1.590150581,-1.215805499
1/28/2020,1.348694234,0.995790392,1.574264723
1/29/2020,0.251430638,-0.091272963,2.450515347
1/30/2020,0.675591015,0.308397755,9.795401729
1/31/2020,7.114990544,-1.791019682,1.507010837
2/3/2020,-0.229794015,0.718322017,18.13998279
2/4/2020,2.238860685,1.482411043,12.85735155
2/5/2020,-0.483844207,1.114202508,-18.84961279
2/6/2020,0.502041489,0.327467564,1.917787859
2/7/2020,1.402451619,-0.546069638,-0.123428665
2/10/2020,2.588958501,0.72550326,3.051025226
2/11/2020,0.783956874,0.164266509,0.396691791
2/12/2020,0.422614118,0.639966127,-0.924016539
2/13/2020,-0.474243591,-0.167342027,4.669286323
2/14/2020,-0.704353772,0.179991838,-0.499199743
2/18/2020,0.96529945,-0.29669537,7.03782026
2/19/2020,0.668424789,0.465200848,6.64524597
2/20/2020,-0.796256163,-0.386555719,-1.986907466
2/21/2020,-2.693473585,-1.061627485,0.172376017
2/25/2020,-1.840157262,-3.079146613,-4.152591966
2/26/2020,0.342328741,-0.382871091,-2.678796239
2/27/2020,-4.937632393,-4.521115011,-13.71761054
2/28/2020,-0.033496789,-0.831547679,-1.639090759
3/2/2020,3.654545502,4.496785482,10.72138755
3/3/2020,-2.332165223,-2.855349853,0.249542282
3/4/2020,3.437122612,4.129333566,0.529468235
3/5/2020,-2.660986893,-3.455407019,-3.391255996
3/6/2020,-1.203785938,-1.724423125,-2.954085314
3/9/2020,-5.434600954,-7.905452232,-14.59086838
3/10/2020,4.936997647,4.81712165,5.954306624
3/11/2020,-3.827477498,-5.014727614,-1.739447838
3/13/2020,6.260096488,8.876484531,-2.520817995
3/16/2020,-5.523679281,-12.76960332,-20.55660977
3/17/2020,6.786427194,5.81832987,-3.402435841
3/18/2020,1.214075743,-5.326473778,-17.48054617
3/19/2020,2.740820545,0.465456922,16.87522958
3/20/2020,-1.873841136,-4.436954198,-0.029921169
3/23/2020,3.023016625,-2.9773693,1.564591869
3/24/2020,1.935453747,8.964049289,15.08031528
3/25/2020,-2.840919251,1.142597694,6.557782375
3/26/2020,3.622472963,6.050109105,-2.082270048
3/27/2020,-2.877730627,-3.431085899,-2.651889083
3/30/2020,3.300820898,3.292357662,-2.410736236
3/31/2020,-0.731470849,-1.618505034,4.258989304
4/1/2020,-2.18301951,-4.51891025,-8.450366014
4/2/2020,0.577428639,2.252964322,-5.79419344
4/3/2020,-0.644260174,-1.52961485,5.46317671
4/6/2020,4.658158701,6.792468277,7.272129507
4/7/2020,0.694568877,-0.16476269,5.499603439
4/9/2020,-0.016076398,1.434018267,4.303546976
4/13/2020,5.986149531,-1.019907295,12.75041367
4/14/2020,5.138119172,3.007154595,8.663414392
4/15/2020,1.056964168,-2.231919872,2.765917778
4/17/2020,-1.392015778,2.639874032,1.153817217
4/20/2020,0.776364998,-1.808448963,-1.008003498
4/21/2020,-2.778434584,-3.119785478,-8.332422104
4/22/2020,1.503601903,2.26291088,6.396196731
4/23/2020,1.505799622,-0.058175952,-3.688187679
4/24/2020,0.443630183,1.377989864,2.724526093
4/27/2020,-1.434180789,1.456467632,9.66272908
4/28/2020,-2.644918115,-0.529918358,-3.784398274
4/29/2020,2.497749762,2.619369028,3.995900543
4/30/2020,4.17605149,-0.929815697,-2.359074863
5/1/2020,-7.905765963,-2.850267687,-10.8779456
5/4/2020,1.297341778,0.419808275,8.18759738
5/6/2020,1.429013815,-0.704661994,1.849033197
5/7/2020,0.688722802,1.139648982,-0.329348292
5/8/2020,0.501313522,1.668832951,4.920915069
5/11/2020,1.223287818,0.009087739,-1.001343423
5/12/2020,-2.188579985,-2.075583145,-0.236240262
5/13/2020,0.46004965,-1.766001026,-2.310122169
5/14/2020,0.875748017,1.141617808,1.547544479
5/15/2020,0.868033575,0.387566145,-0.523491304
5/18/2020,0.677304638,3.097274304,1.788955007
5/19/2020,0.942055472,-1.058276151,-0.6974253
5/20/2020,1.960880527,1.647097691,0.925751453
5/21/2020,-2.07528601,-0.784698179,1.461196249
5/22/2020,-0.408105132,0.230793185,-1.308073564
5/26/2020,-0.62253401,1.217154551,0.239036549
5/27/2020,-0.47906561,1.467515972,0.161617823
5/28/2020,-0.390452294,-0.215315324,-1.777983159
5/29/2020,1.69986331,0.475750617,3.554043586
6/1/2020,1.162664153,0.370065455,7.280610635
6/2/2020,0.051092975,0.813401965,-1.863163788
6/4/2020,-0.725117634,-0.341767658,-2.13106314
6/5/2020,0.901895638,2.583072515,2.427733727
6/8/2020,1.635794537,1.192636875,7.000129891
6/9/2020,2.993072142,-0.787248316,-0.98280754
6/10/2020,1.771277555,-0.536917352,8.58623254
6/11/2020,-3.44287613,-6.079461082,-5.231897148
6/12/2020,-0.5113452,1.293436882,-3.941556092
6/15/2020,1.076988829,0.823813469,5.772791002
6/16/2020,1.63844251,1.875005824,-0.892472323
6/17/2020,0.975174361,-0.363775514,0.975678548
6/18/2020,0.488431233,0.056801612,1.217006488
6/19/2020,0.787300382,-0.56852397,-0.307238045
6/22/2020,1.43871528,0.645710694,-0.661274918
6/23/2020,1.845760855,0.428584054,0.746230649
6/24/2020,-1.092424237,-2.620430671,-4.172445376
6/25/2020,0.734095687,1.088777305,2.580571158
6/26/2020,-2.266893325,-2.453671114,-2.698516817
6/29/2020,-0.465809204,1.456984688,5.039036841
6/30/2020,2.883687363,1.528467826,6.747092173
7/1/2020,4.252913426,0.500298852,3.62065484
7/2/2020,0.401632811,0.452576521,7.650883051
7/6/2020,5.608627244,1.575638291,12.64505613
7/7/2020,-1.879590933,-1.087857397,1.323847635
7/8/2020,2.663625967,0.779561639,-1.740544729
7/9/2020,3.24173579,-0.566013924,2.057867077
7/10/2020,0.544267359,1.041153573,10.24189409
7/13/2020,-3.045920748,-0.94066451,-3.129418343
7/14/2020,-0.646414662,1.331730064,1.30996617
7/15/2020,-2.466364574,0.9040235,1.907378052
7/16/2020,-0.298899744,-0.341520312,-2.978903939
7/17/2020,-1.27273581,0.284154886,0.013028055
7/20/2020,7.630580597,0.836933168,9.049644353
7/21/2020,-1.848723717,0.16751636,-4.649584522
7/22/2020,-1.230776732,0.572789096,1.516514422
7/23/2020,-3.725826855,-1.240048818,-5.106172569
7/24/2020,0.745513061,-0.621347555,-6.560264178
7/27/2020,1.526443218,0.736190133,8.297471771
7/28/2020,-1.813285797,-0.650128483,-4.186187101
7/30/2020,0.602366507,-0.376442483,-0.778860329
7/31/2020,3.628868787,0.763575664,-3.888976854
8/3/2020,-1.682553451,0.715152698,3.720513706
8/4/2020,0.861608399,0.360158761,0.134203943
8/5/2020,2.086802821,0.640587283,-0.133570153
8/6/2020,0.620820282,0.640383818,0.306262956
8/7/2020,-1.800597138,0.062981552,-2.50664143
8/10/2020,-0.6115153,0.273517778,-2.378475456
8/11/2020,-2.167406045,-0.800406931,-3.16423333
8/12/2020,2.613026592,1.389621485,12.33079288
8/13/2020,-0.038915509,-0.205256034,4.171881208
8/14/2020,-0.412409022,-0.01749111,1.815919886
8/17/2020,1.086231389,0.270343761,10.6184938
8/18/2020,4.005895992,0.229827465,2.764032157
8/19/2020,-1.582903942,-0.441741083,-0.45497049
8/20/2020,1.12472372,0.315009309,6.356865294
8/21/2020,-0.38473746,0.343163824,2.376472553
8/24/2020,0.689582019,0.999032764,-1.761124525
8/25/2020,1.172850725,0.358688608,0.452451082
8/26/2020,2.809382596,1.014071359,6.218828533
8/27/2020,-1.223700205,0.166835854,3.89732049
8/28/2020,0.052572444,0.670644122,-1.1391457
8/31/2020,1.434416256,-0.220093677,11.83917478
9/1/2020,1.385581217,0.749354354,-4.782570627
9/2/2020,0.919370818,1.52457626,-6.003734252
9/3/2020,-4.739300287,-3.57611557,-9.457635774
9/4/2020,-2.203178746,-0.81698425,2.742995953
9/8/2020,-4.49424724,-2.815211674,-23.65212058
9/9/2020,3.700987732,1.994147298,10.36659894
9/10/2020,-2.902582738,-1.774453374,1.371672103
9/14/2020,-0.426484715,1.26574993,11.85182221
9/15/2020,1.698273885,0.520167631,6.936049189
9/16/2020,-2.503811068,-0.46337565,-1.795146816
9/17/2020,-2.279833481,-0.845178501,-4.238241179
9/18/2020,-1.805372802,-1.124941254,4.325714719
9/21/2020,0.187575637,-1.164267358,1.623785395
9/22/2020,5.53578523,1.04586326,-5.761973764
9/23/2020,-4.214871858,-2.401144836,-10.91617633
9/24/2020,0.661753929,0.297889596,1.934173637
9/25/2020,2.463790769,1.584578168,4.917957099
9/28/2020,2.517331425,1.597698646,3.345439555
9/29/2020,-0.923735153,-0.482894025,-0.507447917
9/30/2020,0.121883663,0.821518495,2.343760734
10/1/2020,2.276901632,0.527456605,4.366568489
10/2/2020,-3.034323879,-0.962874439,-7.665989739
10/5/2020,2.346182251,1.780845153,2.518786176
10/6/2020,-3.151622517,-1.407672193,-2.787484133
10/7/2020,3.040942933,1.724278,2.697270043
10/8/2020,-0.161378699,0.797410339,0.14526821
10/9/2020,2.967106447,0.875071178,1.878858481
10/12/2020,4.644967061,1.627814656,1.893944008
10/13/2020,0.019917072,-0.63310012,0.978280938
10/14/2020,-2.348597726,-0.664955571,3.226890427
10/15/2020,-0.748185121,-0.153275914,-2.729679759
10/16/2020,-1.995196398,0.013107493,-2.073496311
10/19/2020,-2.022137135,-1.646904716,-2.031530808
10/20/2020,0.304713606,0.471235961,-2.085425761
10/21/2020,-1.002276345,-0.220194946,0.165382416
10/23/2020,0.8772276,0.343572892,-1.219679842
10/26/2020,0.081946114,-1.876858261,-0.083655544
10/27/2020,2.441894926,-0.303431492,1.041066463
10/28/2020,-3.832362915,-3.592910395,-4.493709693
10/29/2020,1.513057401,1.187296326,1.177351796
10/30/2020,-5.599913498,-1.220754892,-5.707485731
11/2/2020,-1.048984131,1.223884121,3.162620008
11/3/2020,1.451122935,1.763835416,5.675442069
11/4/2020,6.130813522,2.180451187,-0.691522516
11/5/2020,2.463273422,1.927025215,3.983599315
11/6/2020,-0.320853646,-0.02913183,-1.875897047
11/9/2020,-5.195242725,1.162841322,-2.042226842
11/10/2020,-3.519871154,-0.140433695,-2.621901897
11/11/2020,3.316990144,0.761944074,1.635986146
11/12/2020,-0.868146006,-1.003166515,-1.296026987
11/13/2020,0.593698211,1.351553285,-0.795177903
11/16/2020,0.071585109,1.157772129,-0.100719949
11/17/2020,0.146501227,-0.480645754,7.893636346
11/18/2020,-0.968027593,-1.163367634,9.709508942
11/19/2020,0.371311785,0.39362099,2.561988296
11/20/2020,-0.567165058,-0.681847706,-1.954062409
